0001.jpg	Sản phẩm móc len hình lục giác nổi bật với bông hoa đỏ sáu cánh ở trung tâm, được bao quanh bởi các dải màu xanh lá và xanh dương, với viền ngoài cùng màu đỏ rực.
0002.jpg	Sản phẩm móc len hình dấu chân mèo màu hồng đất, được viền trắng kem hoặc tạo thành ô vuông trên nền xanh nhạt.
0003.jpg	Sản phẩm móc len hình tròn với họa tiết hoa ở trung tâm, nổi bật với viền 8 cánh răng cưa được phối màu hồng, trắng và xanh dương.
0004.jpg	Sản phẩm móc len hình vuông màu xanh ngọc, nổi bật với họa tiết ren hoa ở trung tâm và các ô trống hình lá xung quanh.
0005.jpg	Sản phẩm là miếng móc len hình vuông với hoa văn lưới màu tím đậm, viền ngoài màu tím nhạt và điểm nhấn là bông hoa nổi màu tím oải hương ở trung tâm.
0006.jpg	Móc len hình sao biển năm cánh, nổi bật với tông màu cam đất ấm áp, viền ngoài vàng nhạt và các đường vân màu cam sẫm chạy dọc mỗi cánh.
0007.jpg	Sản phẩm móc len hình hoa cúc với những cánh hoa màu trắng tinh khôi và nhụy hoa màu hồng nổi bật.
0008.jpg	Móc len hình bí ngô màu vàng cam đặc trưng, với cuống màu xanh lá và hoa văn ren xoắn ốc ở thân.
0009.jpg	Sản phẩm móc len này có màu đỏ tươi đặc trưng, với hình dáng chuông và bông tuyết được đan móc tinh xảo, giúp dễ dàng nhận diện.
0010.jpg	Sản phẩm móc len hình vuông nổi bật với họa tiết ngôi sao tám cánh màu vàng và hồng đào ở trung tâm, được bao quanh bởi viền kem.
0011.jpg	Sản phẩm móc len hình vuông nổi bật với họa tiết hoa nhiều cánh ở trung tâm, có nhụy xanh lá, các lớp cánh màu kem, đỏ đô và xanh dương, được bao quanh bởi khung viền trắng.
0012.jpg	Sản phẩm móc len hình vuông, nổi bật với họa tiết mặt trời màu kem ở trung tâm trên nền xanh dương, được bao quanh bởi các lớp màu tím, hồng và cam rực rỡ.
0013.jpg	Miếng móc len hình vuông với họa tiết hoa vàng ở trung tâm, bao quanh bởi các lớp cánh hoa xanh lam và xanh lá, cùng viền ngoài màu kem.
0014.jpg	Sản phẩm móc len hình vuông với họa tiết hoa ở giữa, đặc trưng bởi tâm hoa màu vàng cam, cánh hoa tím nhạt và viền ngoài màu trắng.
0015.jpg	Sản phẩm móc len hình hoa tròn có viền sò điệp, nổi bật với sự phối hợp màu sắc đa dạng như trắng, hồng phấn, xanh ngọc và vàng ở các lớp cánh hoa.
0016.jpg	Tấm móc len hình vuông này có họa tiết hoa văn mở, với màu sắc chuyển từ xanh ngọc đậm ở trung tâm ra đến xanh dương tươi sáng ở viền ngoài.
0017.jpg	Sản phẩm móc len hình vuông, có hoa văn trung tâm màu hồng đậm, các lớp màu hồng nhạt và xanh lá bao quanh, với viền ngoài màu hồng cánh sen.
0018.jpg	Sản phẩm móc len hình lục giác nổi bật với các họa tiết hình tam giác và hoa văn trung tâm, kết hợp hài hòa giữa sắc xanh lá mạ và nâu đất.
0019.jpg	Miếng móc len hình vuông màu hồng đậm nổi bật với họa tiết xoắn ốc độc đáo ở trung tâm, bao quanh bởi các đường viền ren khoét lỗ tinh xảo.
0020.jpg	Tấm móc len hình vuông nổi bật với họa tiết hoa/ngôi sao ở giữa, có tâm trắng, các lớp cánh màu xanh lam, hồng đậm và viền ngoài màu vàng tươi.
0021.jpg	Những miếng móc len hình vuông nhỏ, phồng nhẹ, đặc trưng với họa tiết hoa văn đa sắc ở trung tâm nổi bật trên nền len màu kem, xanh olive, tím nhạt hoặc xám.
0022.jpg	Móc len hình vuông họa tiết granny square, đặc trưng bởi sự xen kẽ màu xanh lá cây và xanh dương đậm tạo thành các ô lưới rõ nét.
0023.jpg	Lót cốc móc len hình đầu mèo ngộ nghĩnh, có tai màu hồng và các chi tiết mặt được thêu. Sản phẩm có ba màu chính: xám nhạt, trắng và xám đậm.
0024.jpg	Sản phẩm móc len hình vuông họa tiết granny square, nổi bật với trung tâm màu xanh ngọc đậm, các lớp màu xanh bạc hà nhạt và kem xen kẽ, viền ngoài màu kem.
0025.jpg	Sản phẩm móc len hình vuông có trung tâm màu trắng hình kim cương, được bao quanh bởi viền len màu cam nổi bật.
0026.jpg	Miếng móc len hình vuông có họa tiết quả táo nổi bật ở trung tâm, với ruột trắng kem viền đỏ, cuống nâu và lá xanh nhạt trên nền xanh da trời.
0027.jpg	Sản phẩm móc len hình vuông, có họa tiết hoa trung tâm với nhụy xanh ngọc, hạt vàng kem và cánh hoa hồng, viền ngoài màu xanh ngọc.
0028.jpg	Ô vuông móc len nổi bật với bông hoa hồng màu hồng cánh sen ở trung tâm, được bao quanh bởi các lá xanh lá cây đậm và viền ngoài màu be.
0029.jpg	Sản phẩm móc len hình vuông, nổi bật với hoa cúc trắng nhụy vàng ở trung tâm, bao quanh bởi các vòng tròn đồng tâm màu xanh lam và hồng nhạt trên nền kem.
0030.jpg	Móc len hình tam giác viền xanh lá cây dạng lưới, trung tâm là bông hoa màu kem nhụy đỏ.
0031.jpg	Sản phẩm là chăn móc len gồm các ô vuông màu kem được ghép lại, mỗi ô nổi bật với họa tiết hoa đa sắc rực rỡ như hồng, tím, vàng, cam, xanh.
0032.jpg	Sản phẩm móc len hình bông hoa tám cánh, với nhụy màu hồng, cánh hoa màu kem và viền ngoài màu xanh lá cây.
0033.jpg	Sản phẩm móc len hình vuông màu tím lavender nổi bật với họa tiết bốn vòng xoắn đối xứng ở trung tâm và viền sò mềm mại.
0034.jpg	Sản phẩm móc len hình vuông với họa tiết hoa nhiều cánh nổi bật, có tâm xanh lá, cánh hoa đỏ và trắng xen kẽ, bao quanh bởi lớp cánh xanh dương và viền ngoài màu trắng.
0035.jpg	Tấm lót móc len hình tròn với tâm hồng nhạt, các vòng màu trắng và xanh lá, cùng viền ngoài tạo hình những búp hoa hồng nổi bật.
0036.jpg	Sản phẩm là những bông hoa móc len hình cánh hoa màu trắng, có nhụy tròn màu hồng ở trung tâm.
0037.jpg	Sản phẩm móc len hình ngôi sao năm cánh, phối màu hồng pastel và trắng, với viền ngoài màu be.
0038.jpg	Móc len hình ngôi sao sáu cánh màu đỏ tươi, nổi bật với họa tiết ren lưới thủ công ở trung tâm.
0039.jpg	Móc len hình vuông với trung tâm màu xanh lá nhạt tạo hình hoa bốn cánh, được bao quanh bởi khung trắng có các ô vuông rỗng ở góc.
0040.jpg	Miếng móc len hình vuông màu xanh lá cây tươi sáng, có các góc bo tròn nhẹ, nổi bật với họa tiết bốn lỗ hình cánh hoa đối xứng quanh một lỗ vuông trung tâm.
0041.jpg	Mảnh móc len hình vuông với họa tiết hoa tròn màu tím nhạt ở trung tâm, được bao quanh bởi các chi tiết lá và khung viền màu xanh lá đậm.
0042.jpg	Sản phẩm móc len hình hoa tròn với các cánh lượn sóng, đặc trưng bởi sự phối màu cam và trắng đối lập giữa phần tâm và viền ngoài.
0043.jpg	Sản phẩm móc len hình đầu chuột màu xám, nổi bật với hai tai tròn có lòng màu hồng nhạt.
0044.jpg	Khăn móc len hình vuông màu hồng tím chủ đạo, nổi bật với họa tiết hoa văn trung tâm và viền lưới màu xanh lá nhạt, cùng đường diềm sóng lượn tinh tế.
0045.jpg	Sản phẩm móc len hình vuông với hoa văn trung tâm dạng ngôi sao màu xanh nhạt, bao quanh bởi các cánh màu nâu be và viền ngoài màu kem.
0046.jpg	Sản phẩm móc len hình tròn, xếp chồng lên nhau thành khối màu tím. Mặt trên mỗi miếng nổi bật với họa tiết hoa nhiều màu sắc: tâm xanh dương, vòng vàng, xanh lá và cánh hoa hồng đậm.
0047.jpg	Sản phẩm móc len hình vuông với họa tiết trái tim màu xanh dương ôm lấy bông hoa trắng nhụy vàng, có viền trắng và đường biên ngoài cùng màu vàng.
0048.jpg	Miếng móc len hình vuông nổi bật với họa tiết bông hoa màu hồng cánh sen và lá xanh nõn chuối ở trung tâm, được bao quanh bởi khung viền màu hồng da.
0049.jpg	Sản phẩm móc len hình vuông với họa tiết hoa trung tâm màu hồng nhạt và trắng kem, được bao quanh bởi các chi tiết màu xanh dương nhạt và viền ngoài màu hồng.
0050.jpg	Sản phẩm móc len hình vuông với hoa văn bông hoa xanh nhiều lớp cánh, nhụy vàng nổi bật trên nền kem, được viền bởi màu xanh dương.
0051.jpg	Sản phẩm móc len hình vuông màu xanh rêu, với họa tiết hoa văn rỗng gồm một vòng tròn trung tâm và các cánh hoa đối xứng.
0052.jpg	Miếng móc len hình vuông với họa tiết vòng tròn đồng tâm, nổi bật bởi sự kết hợp đa dạng các màu sắc rực rỡ và tương phản.
0053.jpg	Móc len hình quả bơ với viền xanh lá cây đậm, phần thân xanh lá nhạt và hạt tròn màu nâu ở giữa, cùng khuôn mặt cười đáng yêu.
0054.jpg	Miếng lót móc len hình gà con với thân tròn đáng yêu, có các màu trắng, xanh mint, vàng chanh và tím nhạt. Mỗi chú gà đều có mào đỏ, mỏ và chân màu cam nổi bật.
0055.jpg	Móc len hình vuông với họa tiết đàn cừu nổi màu kem, hồng nhạt và xám, viền ngoài màu xám.
0056.jpg	Miếng lót móc len hình tròn với viền cánh hoa và họa tiết ren hoa ở giữa, có nhiều màu sắc pastel dịu nhẹ như hồng, xanh lá, tím, kem và nâu.
0057.jpg	Miếng móc len hình vuông với viền hồng nổi bật, trung tâm là bông hoa vàng cam bao quanh bởi các họa tiết trắng kem và xanh bạc hà.
0058.jpg	Gối móc len hình vuông màu kem, nổi bật với các họa tiết hoa tròn đan xen màu xanh dương và cam.
0059.jpg	Sản phẩm móc len hình vuông, có họa tiết hoa trung tâm với nhụy xanh lá, cánh trắng và đỏ, được bao quanh bởi bốn cụm cánh màu xanh lam nhạt và viền ngoài màu trắng.
0060.jpg	Sản phẩm móc len hình vuông với họa tiết hoa trung tâm màu hồng nhạt và kem, cánh hoa xanh lam bao quanh, cùng viền ngoài xen kẽ trắng và hồng phấn.
0061.jpg	Miếng móc len hình vuông với nền trắng, nổi bật họa tiết hoa văn trung tâm nhiều lớp màu nâu đậm, xanh lá cây đậm, hồng đào nhạt và xanh lá cây nhạt.
0062.jpg	Miếng móc len hình vuông nổi bật với họa tiết hoa hồng san hô nhụy vàng, lá xanh ở trung tâm, bao quanh bởi các lớp màu kem, cam nhạt và hồng san hô đậm dần.
0063.jpg	Sản phẩm là các ô vuông móc len (granny square) màu kem, nổi bật với bông hoa hồng nhạt và lá xanh ở trung tâm.
0064.jpg	Miếng móc len hình vuông với trung tâm trắng, chuyển sắc xanh biển, viền ngoài trắng và cam, cùng các họa tiết trắng nổi bật trên nền xanh.
0065.jpg	Sản phẩm móc len hình hoa cúc với cánh màu trắng tinh khôi và nhụy hồng tươi tắn ở giữa.
0066.jpg	Sản phẩm là một ô móc len hình vuông với họa tiết hoa văn màu vàng, hồng fuchsia và xanh lam nhạt được sắp xếp xen kẽ.
0067.jpg	Sản phẩm móc len hình lục giác, có họa tiết hoa với nhụy vàng, cánh hoa màu cam san hô và viền ngoài màu xanh lá mạ.
0068.jpg	Miếng móc len hình vuông này có hoa văn bông hoa trung tâm màu vàng, trắng và tím nhạt, được bao quanh bởi các lớp màu xanh lá nhạt, kem và viền ngoài màu xanh lá đậm.
0069.jpg	Sản phẩm móc len hình dấu chân động vật, đặc trưng bởi sự kết hợp hai tông màu xanh dương đậm và nhạt, với viền và lòng bàn chân được phối màu xen kẽ.
0070.jpg	Sản phẩm móc len hình vuông có họa tiết trung tâm xoắn ốc màu đỏ, bao quanh bởi các ô trống màu kem và viền ngoài màu đỏ đậm.
0071.jpg	Sản phẩm móc len hình bông hoa với viền cánh hoa răng cưa, có hai tông màu chính là hồng pastel hoặc xám ghi, được nhấn nhá bằng màu trắng ở vòng họa tiết bên trong.
0072.jpg	Sản phẩm móc len hình trái tim nổi bật với các vòng màu cầu vồng đồng tâm, tạo nên vẻ ngoài rực rỡ và bắt mắt.
0073.jpg	Sản phẩm móc len hình vuông với hoa văn cánh hoa tròn màu be nhạt ở trung tâm, được viền ngoài bằng màu tím nổi bật.
0074.jpg	Sản phẩm móc len hình vuông nổi bật với tâm hoa thị trắng, bao quanh bởi hình ngôi sao tám cánh màu xanh lá nhạt trên nền xanh lá đậm và viền trắng.
0075.jpg	Tấm móc len hình vuông với họa tiết hoa ở trung tâm, nổi bật với ba màu đỏ, trắng và xanh dương cùng đường viền đỏ đặc trưng.
0076.jpg	Miếng móc len hình vuông với viền lưới màu xanh lá nhạt, nền xanh lá đậm và bông hoa năm cánh màu hồng cánh sen nổi bật ở trung tâm.
0077.jpg	Miếng móc len hình vuông với viền xanh bạc hà, trung tâm là họa tiết hoa văn tròn đa sắc gồm hoa cam, lá xanh, cánh hoa tím và vòng xanh ngọc.
0078.jpg	Sản phẩm móc len hình lục giác nổi bật với họa tiết hoa văn xếp lớp từ tâm ra ngoài, phối các màu xám, xanh lá nhạt, xanh ngọc và kem.
0079.jpg	Sản phẩm móc len hình vuông với họa tiết hoa tròn đa sắc ở trung tâm, được bao quanh bởi các lớp màu sắc rực rỡ và viền ngoài màu kem nhạt.
0080.jpg	Sản phẩm móc len hình tam giác với các lớp màu xanh lá cây đậm, trắng, xanh lá mạ và hồng xếp chồng lên nhau từ ngoài vào trong.
0081.jpg	Sản phẩm móc len hình vuông với họa tiết hoa văn màu trắng chủ đạo, điểm nhấn đỏ ở trung tâm và viền ngoài màu xanh lá cây.
0082.jpg	Móc len hình vuông với họa tiết hoa hồng nổi màu hồng đậm ở trung tâm, lá xanh bạc hà và viền ngoài màu hồng nhạt.
0083.jpg	Miếng móc len hình vuông với họa tiết hoa lá màu vàng, xanh ngọc, xanh lá và xanh dương đậm ở trung tâm, được viền bởi màu kem.
0084.jpg	Miếng móc len hình vuông với họa tiết bông hoa trung tâm màu xanh dương, được viền bởi sắc xanh đậm và bao quanh bởi khung màu kem/be.
0085.jpg	Sản phẩm móc len hình tai mèo độc đáo với nhiều màu sắc tươi sáng như cam, vàng, xanh dương, be và nâu, mỗi chiếc được trang trí một chiếc nơ nhỏ xinh xắn.
0086.jpg	Chăn len móc thủ công gồm các ô vuông rực rỡ màu hồng, cam và vàng, mỗi ô nổi bật với bông hoa cúc trắng nhụy vàng ở trung tâm.
0087.jpg	Sản phẩm móc len hình vuông với trung tâm màu tím lavender, được bao quanh bởi một lớp màu xanh lá chanh tươi sáng, và hoàn thiện bằng viền ngoài màu tím nhạt.
0088.jpg	Móc len hình bông hoa nhiều tầng với các tông màu hồng đậm, cam và hồng nhạt xen kẽ, được tô điểm bằng hai chiếc lá màu xanh ô liu đối xứng hai bên.
0089.jpg	Khối vuông móc len với họa tiết cánh hoa màu hồng phấn và trắng kem xoay quanh tâm xanh ngọc, được bao quanh bởi các đường móc màu xanh ngọc và viền ngoài màu trắng kem.
0090.jpg	Sản phẩm móc len hình trái tim màu cam rực rỡ, với hoa văn ren tinh xảo và họa tiết hoa ở trung tâm.
0091.jpg	Sản phẩm móc len hình vuông màu trắng, nổi bật với bông hoa trung tâm có cánh hồng và nhụy vàng.
0092.jpg	Sản phẩm gồm các ô móc len hình vuông, mỗi ô có hoa văn đa sắc nổi bật ở trung tâm như hồng, xanh, tím, vàng, nâu hoặc đỏ, được bao quanh bởi viền trắng tinh khôi.
0093.jpg	Tấm lót móc len màu trắng ngà, hình tròn với họa tiết ren hoa văn phức tạp và đường viền sóng điệu đà.
0094.jpg	Tấm móc len hình vuông nổi bật với bông hoa đỏ sáu cánh có nhụy trắng ở trung tâm, trên nền xanh lá cây.
0095.jpg	Móc len hình ngôi sao năm cánh mềm mại, màu vàng tươi sáng, với đôi mắt đen và miệng cười đáng yêu.
0096.jpg	Miếng móc len hình vuông với họa tiết hoa hướng dương ở trung tâm, nổi bật với nhụy xanh rêu, cánh vàng tươi và các lớp nền xanh lá cây.
0097.jpg	Sản phẩm móc len hình vuông với bông hoa nhiều cánh màu xanh dương, nhụy vàng cam nổi bật trên nền kem nhạt, cùng viền ngoài xanh lam.
0098.jpg	Sản phẩm là những miếng móc len hình ngôi sao tám cánh với họa tiết bánh lái ở trung tâm, có nhiều màu sắc nổi bật như trắng, đỏ, xanh dương nhạt và vàng cam.
0099.jpg	Sản phẩm móc len hình vuông với hoa hướng dương màu vàng rực rỡ có nhụy vàng cam ở giữa, được bao quanh bởi khung viền màu nâu đất.
0100.jpg	Những miếng móc len hình lục giác với họa tiết hoa văn trung tâm màu hồng pastel, tím nhạt và xanh dương nhạt, viền ngoài màu xanh lá nhạt hoặc xanh xám.
0101.jpg	Sản phẩm móc len hình bông hoa tròn, với phần tâm màu vàng kem và các cánh hoa bên ngoài có màu tím sen rực rỡ.
0102.jpg	Miếng móc len hình tam giác, nổi bật với sự kết hợp ba màu: xanh dương đậm làm viền, hồng đất và xanh lam nhạt tạo thành họa tiết trung tâm.
0103.jpg	Bông hoa móc len tròn với các cánh lượn sóng, nổi bật bởi tâm vàng, vòng xanh ngọc và các lớp màu tím, xanh lá cây đan xen.
0104.jpg	Sản phẩm móc len hình vuông, nổi bật với họa tiết hoa cúc trung tâm màu vàng, cánh hoa trắng và hồng tím nhạt, điểm xuyết lá xanh bạc hà trên nền kem, được bao quanh bởi viền xanh rêu đậm.
0105.jpg	Sản phẩm móc len hình chữ thập màu cam đất, với mỗi cánh có lỗ hổng hình bầu dục và các điểm nhọn trang trí ở đầu.
0106.jpg	Sản phẩm móc len hình vuông, nổi bật với tâm xanh lá chanh, vòng hoa văn xám than và viền ngoài màu xanh ngọc bích.
0107.jpg	Miếng móc len hình vuông với họa tiết hoa trung tâm màu hồng phấn và kem, điểm xuyết cánh hoa xanh lam nhạt, được viền ngoài bằng các hàng móc màu kem và hồng.
0108.jpg	Khối móc len vuông với tâm hoa trắng, bao quanh bởi hình ngôi sao tám cánh màu xanh lá nhạt trên nền xanh lá đậm, và viền trắng.
0109.jpg	Sản phẩm là hình bướm móc len với thân màu nâu, cánh chia ba sọc màu xanh dương, vàng và cam.
0110.jpg	Sản phẩm móc len hình bánh sừng bò màu vàng nâu, cong nhẹ với các sọc vàng kem nổi bật trên bề mặt.
0111.jpg	Tấm móc len hình vuông nổi bật với trung tâm màu tím, bao quanh bởi các dải màu hồng đậm, cam và viền ngoài cùng màu cam cháy.
0112.jpg	Sản phẩm móc len hình tròn dẹt, nổi bật với tâm đen cùng các vòng đồng tâm màu xanh dương, trắng và xám.
0113.jpg	Tấm móc len hình vuông màu tím oải hương, nổi bật với họa tiết hoa văn xoắn ốc ở trung tâm và các lỗ trống ở bốn góc.
0114.jpg	Sản phẩm móc len hình quả bơ cắt đôi, nổi bật với viền xanh lá đậm, phần thịt vàng nhạt và hạt màu nâu ở trung tâm, thường đi kèm móc khóa và tua rua xanh.
0115.jpg	Sản phẩm móc len hình san hô màu đỏ, với các nhánh nhỏ phân tán tự nhiên.
0116.jpg	Những bông hoa móc len tám cánh với các màu sắc đa dạng như hồng, đỏ, trắng và vàng kem.
0117.jpg	Miếng móc len hình vuông, nổi bật với hoa văn trung tâm dạng ngôi sao màu tím nhạt, được bao quanh bởi các họa tiết cánh hoa xen kẽ màu tím đậm và xanh lá chanh, cùng viền ngoài màu tím nhạt.
0118.jpg	Sản phẩm móc len hình tròn họa tiết mandala, phối các sắc thái xanh dương, xanh ngọc, xám và trắng theo từng vòng, đặc trưng bởi viền ngoài có các hạt nổi.
0119.jpg	Móc len hình vuông có họa tiết hoa năm cánh màu cam đào ở giữa, được bao quanh bởi các ô vuông màu xanh lá cây và nâu sẫm, với đường viền ngoài màu cam đất.
0120.jpg	Sản phẩm là một chiếc ô móc len màu trắng ngà, với phần tán ô có họa tiết ren lưới và viền lượn sóng, cùng tay cầm hình móc câu đặc trưng.
0121.jpg	Sản phẩm là những tấm lót móc len hình vuông với họa tiết hoa văn tinh xảo, nổi bật với dải màu cầu vồng rực rỡ từ tím đến đỏ.
0122.jpg	Miếng móc len hình vuông có hoa văn trung tâm là bông hoa nhiều lớp màu hồng đậm, hồng nhạt và xanh lá nhạt, được bao quanh bởi họa tiết ren màu trắng kem.
0123.jpg	Miếng móc len hình vuông có nền màu xanh ngọc, viền màu san hô, nổi bật với bốn họa tiết hình quạt xếp lớp màu san hô, xanh nõn chuối và kem.
0124.jpg	Bông hoa móc len sáu cánh màu tím và xanh lá cây, nổi bật với nhụy và viền cánh màu tím đậm, cùng phần cánh bên trong có họa tiết lưới màu xanh lá cây tươi sáng.
0125.jpg	Miếng móc len hình vuông nổi bật với bông hoa hướng dương màu vàng tươi và nhụy vàng cam ở trung tâm, được bao quanh bởi khung viền màu nâu vàng.
0126.jpg	Móc len hình tam giác với ba cánh hoa màu vàng bao quanh nhụy xanh dương, được viền ngoài bằng màu xanh lá cây.
0127.jpg	Sản phẩm móc len màu trắng ngà hình tròn, nổi bật với hoa văn đăng ten tinh xảo ở trung tâm và viền ngoài lượn sóng.
0128.jpg	Móc len hình vuông màu xanh lá với hoa văn trung tâm màu vàng và đường viền vàng nổi bật.
0129.jpg	Sản phẩm móc len hình vuông nổi bật với trung tâm màu nâu đậm, bao quanh bởi lớp màu hồng và viền ngoài màu trắng có họa tiết ô vuông rỗng.
0130.jpg	Sản phẩm móc len hình bông hoa màu đỏ rực rỡ với nhiều cánh dài, nhụy hoa có các vòng màu đỏ sẫm, xanh lá và đen nổi bật ở giữa.
0131.jpg	Miếng móc len hình bông hoa hướng dương với tâm nâu, cánh trắng và viền cánh cam rực rỡ.
0132.jpg	Sản phẩm móc len hình hoa tám cánh màu đỏ rực rỡ, với phần trung tâm là các vòng màu hồng và xanh ngọc xen kẽ.
0133.jpg	Sản phẩm móc len hình bông hoa tròn với viền cánh hoa lượn sóng, nổi bật với họa tiết trắng ở trung tâm, có sẵn trong hai tông màu chính: hồng phấn và nâu be.
0134.jpg	Miếng móc len hình vuông màu xanh ngọc bích nổi bật, với họa tiết trung tâm là bông hoa bốn cánh hoặc cụm lá đối xứng tạo hình ren.
0135.jpg	Miếng móc len hình đầu mèo với tai nhọn, có hai phiên bản màu chủ đạo là vàng đất và xám đậm, nổi bật với chi tiết tai màu trắng và một phụ kiện móc len nhỏ màu xanh nhạt.
0136.jpg	Móc len hình tròn với tâm màu vàng, các cánh hoa màu xanh ngọc bao quanh và viền ngoài màu cam rực rỡ.
0137.jpg	Sản phẩm móc len hình thỏ màu kem/be, nổi bật với đôi tai dài, mắt đen nhỏ và chiếc đuôi bông tròn màu nâu nhạt.
0138.jpg	Sản phẩm móc len hình bông hoa nhiều cánh, nổi bật với tâm đỏ, vòng cánh hoa vàng bao quanh và lớp cánh ngoài màu xanh lá đậm.
0139.jpg	Miếng móc len hình vuông với họa tiết hoa văn trung tâm màu vàng, trắng, đỏ, được nối bởi các chi tiết màu nâu và bao quanh bởi viền trắng.
0140.jpg	Mảnh móc len hình vuông họa tiết granny square nổi bật với trung tâm màu cam đào, các lớp cánh hoa xanh ngọc và trắng, cùng viền ngoài xanh da trời nhạt.
0141.jpg	Miếng móc len hình bàn chân thú cưng màu hồng tươi, viền trắng, với các đệm ngón và đệm chính được phân tách rõ ràng bằng đường móc trắng.
0142.jpg	Miếng móc len hình vuông được ghép từ bốn ô vuông nhỏ, mỗi ô có họa tiết hoa ở trung tâm. Sản phẩm nổi bật với sự xen kẽ giữa màu xanh lá cây nhạt và xanh lá cây đậm, cùng viền ngoài màu xanh lá cây nhạt.
0143.jpg	Móc len hình chùm cherry đôi màu đỏ rực, có cuống và lá màu xanh sẫm.
0144.jpg	Sản phẩm móc len hình tròn với các vòng màu hồng, xanh lam và trắng đồng tâm, nổi bật với viền ngoài cùng màu hồng có họa tiết vỏ sò.
0145.jpg	Sản phẩm là hai con ốc sên móc len với thân và đầu màu xanh lá cây, có hai râu nhỏ. Vỏ ốc hình tròn được móc các vòng màu sắc rực rỡ và đa dạng như hồng, đỏ, cam, xanh dương.
0146.jpg	Sản phẩm móc len hình vuông màu xanh ngọc bích nổi bật với họa tiết hoa văn ren ở giữa và các cạnh lượn sóng mềm mại.
0147.jpg	Móc len hình vuông với trung tâm màu tím, bao quanh bởi các lớp xanh lá cây tươi và tím đậm đan xen, cùng viền ngoài màu tím có họa tiết mắt lưới.
0148.jpg	Móc len hình vuông màu xanh ngọc bích, có viền răng cưa và các ô vuông rỗng ở trung tâm.
0149.jpg	Sản phẩm móc len hình bông tuyết sáu cánh, với họa tiết trung tâm màu xanh dương và viền cánh hoa bằng mũi móc xích màu đen.
0150.jpg	Sản phẩm móc len hình người bánh gừng màu nâu cam, viền kem, nổi bật với chiếc nơ đỏ ở cổ.
0151.jpg	Sản phẩm là những ô vuông móc len với họa tiết hoa trắng kem ở trung tâm, bao quanh bởi các vòng màu hồng phấn, xanh dương nhạt và viền ngoài màu trắng.
0152.jpg	Sản phẩm móc len hình tam giác, nổi bật với bông hoa màu hồng ở trung tâm và viền ngoài màu xanh lá cây.
0153.jpg	Họa tiết móc len hình vuông với bông hoa cánh tròn màu vàng nổi bật ở giữa, được bao quanh bởi khung viền ren màu trắng.
0154.jpg	Sản phẩm móc len hình vuông kiểu granny square, nổi bật với các vòng màu đồng tâm đa dạng như xanh dương, cam đất và vàng nâu. Mỗi miếng được phối hợp hài hòa với trắng và các tông màu nhạt hơn ở phần giữa.
0155.jpg	Móc len hình vuông với trái tim xanh dương có hoa trắng nhụy vàng ở trung tâm, được bao quanh bởi viền trắng và bo ngoài cùng màu vàng.
0156.jpg	Tấm móc len hình vuông với hoa văn hoa trung tâm màu đỏ và xanh dương, bao quanh bởi các lớp lưới màu trắng và xanh, cùng viền ngoài màu đỏ.
0157.jpg	Sản phẩm móc len hình vuông với hoa văn granny square, nổi bật với tâm xanh lá cây, các cánh hoa cam, các mảng xanh dương và viền ngoài màu kem.
0158.jpg	Móc len hình lục giác màu xanh navy, nổi bật với họa tiết hoa trắng kem nhụy cam ở trung tâm.
0159.jpg	Sản phẩm móc len hình lục giác với hoa văn trung tâm màu trắng, lớp giữa màu xanh lá và viền ngoài màu hồng tươi.
0160.jpg	Sản phẩm móc len dáng mũ tròn, màu kem nhạt, nổi bật với họa tiết vỏ sò đan xen.
0161.jpg	Sản phẩm móc len hình chiếc lá có gân rõ nét, với các màu xanh lá cây tươi và cam đất đặc trưng.
0162.jpg	Móc len hình vuông với viền vàng tươi, hoa văn trung tâm là sự kết hợp hài hòa giữa màu be đào và xanh lá nhạt.
0163.jpg	Sản phẩm là một ô móc len hình vuông màu kem hoặc trắng ngà, nổi bật với họa tiết hoa nổi tám cánh ở trung tâm.
0164.jpg	Móc len họa tiết sò sóng nổi bật với các dải màu ngang gồm kem, cam, vàng đất, xanh ngọc bích và nâu.
0165.jpg	Miếng móc len hình lục giác nổi bật với họa tiết hoa trung tâm phối các màu pastel như hồng, xanh dương, tím, được bao quanh bởi viền xanh mint.
0166.jpg	Miếng móc len hình vuông nổi bật với họa tiết mặt trời vàng rực rỡ trên nền xanh đậm, được viền bởi dải màu xanh da trời nhạt.
0167.jpg	Miếng móc len hình bông hoa sáu cánh với tâm màu cam đào, các cánh hoa xen kẽ hồng đậm và viền ngoài màu hồng nhạt.
0168.jpg	Móc len hình trái tim với phần thân màu xám, viền ngoài và bông hoa trung tâm màu hồng.
0169.jpg	Sản phẩm móc len hình bông tuyết màu xanh lam nhạt, với sáu cánh đối xứng và các họa tiết ren rỗng tinh xảo.
0170.jpg	Sản phẩm móc len hình vuông với họa tiết hoa nổi bật ở trung tâm, gồm nhụy vàng nhạt, cánh hồng phấn và viền ngoài màu kem.
0171.jpg	Hoa móc len nhiều cánh với tông màu hồng san hô chủ đạo, kết hợp các lớp cánh màu xanh ngọc, vàng nhạt và hồng phấn ở trung tâm.
0172.jpg	Tấm móc len hình vuông này có nền màu xanh dương, nổi bật với hình quả táo màu trắng viền đỏ, cùng cuống nâu và hai lá xanh nhỏ.
0173.jpg	Sản phẩm móc len hình vuông nổi bật với ngôi sao vàng ở trung tâm, được bao quanh bởi cánh hoa trắng, viền lá xanh tươi và đường viền ngoài màu xanh đậm.
0174.jpg	Miếng móc len hình bông hoa sáu cánh tròn trịa, nổi bật với màu hồng phấn dịu dàng.
0175.jpg	Miếng móc len hình vuông có bông hoa nhiều cánh màu hồng nhạt ở trung tâm, được bao quanh bởi viền móc màu xanh lá cây đậm với họa tiết lá dây.
0176.jpg	Sản phẩm móc len hình hoa bốn cánh màu hồng nhạt nổi bật trên nền lá xanh đậm, tạo thành một ô vuông trang trí.
0177.jpg	Tấm móc len hình vuông với họa tiết quả chanh màu vàng tươi và lá xanh nổi bật, được viền bởi len màu xám.
0178.jpg	Móc len hình vuông với họa tiết trái tim màu đỏ đất nổi bật ở trung tâm, được bao quanh bởi viền len màu trắng kem.
0179.jpg	Sản phẩm móc len màu trắng ngà, hình vuông với hoa văn hoa ở trung tâm, viền ren lượn sóng và bốn góc có tai móc đặc trưng.
0180.jpg	Tấm móc len hình vuông màu xám, nổi bật giữa là hình quả táo đỏ với lá xanh và cuống nâu.
0181.jpg	Sản phẩm móc len hình vuông, có phần trung tâm màu tím và phần còn lại màu vàng, tạo thành viền cùng một góc chéo nổi bật.
0182.jpg	Móc len màu tím này có hình thoi đặc ở trung tâm, được nối với khung vuông bên ngoài tạo nên bốn khoảng trống đối xứng.
0183.jpg	Mảnh móc len hình vuông màu xanh lá cây, nổi bật với họa tiết móc rỗng tinh tế ở viền và phần trung tâm đan dày dặn.
0184.jpg	Móc len hình vuông màu xanh ngọc lam với họa tiết hoa văn lưới đối xứng tỏa ra từ tâm.
0185.jpg	Sản phẩm móc len hình vuông có hoa văn trung tâm màu đỏ tựa bông hoa, được bao quanh bởi lớp móc lưới màu xanh lá cây và viền ngoài màu đỏ tươi.
0186.jpg	Móc len hình sao biển với trung tâm màu cam và các cánh viền màu kem.
0187.jpg	Sản phẩm móc len hình ngôi sao năm cánh, có hoa văn màu hồng phấn và trắng đan xen, được viền ngoài bằng sợi màu vàng đồng lấp lánh.
0188.jpg	Sản phẩm là một miếng móc len hình vuông màu xanh ngọc, nổi bật với họa tiết hoa văn rỗng hình cánh hoa ở trung tâm.
0189.jpg	Móc len hình lục giác với họa tiết hoa có nhụy vàng, cánh cam đào, được viền kem và bo ngoài cùng bằng màu xanh lá mạ.
0190.jpg	Móc len hình tam giác với viền lượn sóng màu xanh ngọc, trung tâm là bông hoa hai lớp cánh màu hồng đậm và nhụy hồng nhạt.
0191.jpg	Miếng móc len hình vuông với họa tiết hoa hướng dương màu vàng, tâm nâu, lá xanh lá nổi bật trên nền viền ngoài màu kem.
0192.jpg	Miếng móc len hình vuông nổi bật với hoa đỏ lá xanh ở trung tâm, được bao quanh bởi các lớp màu xanh ngọc, vàng đất và viền đỏ tươi.
0193.jpg	Sản phẩm móc len hình vuông nổi bật với bông hoa 3D màu hồng san hô nhụy vàng, kèm bốn lá xanh nhỏ ở trung tâm. Viền ngoài màu hồng san hô đậm, chuyển dần sang cam đào và trắng kem vào phía trong.
0194.jpg	Miếng móc len hình vuông viền vàng, trung tâm là trái tim xanh dương với hoa trắng nhụy vàng, bao quanh bởi lớp len trắng.
0195.jpg	Móc len hình ngôi sao sáu cánh màu trắng ngà, có họa tiết ren lưới tinh xảo.
0196.jpg	Móc len hình vuông với phần trung tâm màu xanh lá cây, bao quanh là bốn ô vuông màu vàng và viền ngoài màu xanh dương đậm.
0197.jpg	Sản phẩm là một miếng móc len hình vuông, nổi bật với hoa văn hoa hồng ở trung tâm, bao quanh bởi các lớp màu xanh ngọc, xanh lá cây, kem và viền ngoài màu hồng.
0198.jpg	Sản phẩm móc len hình vuông màu kem, có họa tiết trung tâm là một bông hoa màu tím bao quanh bởi viền xanh lá trên nền trắng ngà.
0199.jpg	Miếng móc len hình vuông nổi bật với hoa văn trung tâm màu tím xám, bao quanh bởi các cánh hoa màu xanh lá cây tươi và viền ngoài cùng màu tím đậm.
0200.jpg	Tấm móc len hình vuông với họa tiết hoa nổi bật, gồm nhụy vàng, cánh hoa trắng và các cánh ngoài nhiều màu pastel như xanh dương, hồng, xanh bạc hà, xanh ngọc bích, tất cả được bao quanh bởi lá xanh và viền trắng.
0201.jpg	Sản phẩm móc len hình cú mèo với thân hình tròn, nổi bật bởi các vòng màu sắc rực rỡ như xanh, hồng, vàng và đôi mắt to tròn cùng hai chỏm tai nhỏ.
0202.jpg	Sản phẩm móc len hình vuông với các lớp họa tiết hình vuông lồng nhau, xen kẽ màu xanh lá cây và vàng tươi, tạo nên vẻ ngoài rực rỡ và có phần ren thưa.
0203.jpg	Sản phẩm móc len hình vuông có hoa văn bông hoa tím nổi bật ở trung tâm, bao quanh bởi các lớp màu xanh ngọc, trắng lượn sóng và xanh két đậm ở rìa ngoài.
0204.jpg	Móc len hình vuông có họa tiết hoa cúc với nhụy vàng, cánh trắng kem, được bao quanh bởi viền xanh ngọc tươi sáng.
0205.jpg	Sản phẩm móc len hình vuông nổi bật với họa tiết hoa trung tâm màu cam và hồng sen rực rỡ, được bao quanh bởi đường viền màu xanh bạc hà dịu mát.
0206.jpg	Sản phẩm móc len hình vuông với tâm màu nâu, hoa văn tròn màu hồng bao quanh và viền ngoài màu trắng có các góc rỗng đặc trưng.
0207.jpg	Sản phẩm móc len có hình bầu dục dẹt đặc trưng, với ba dải màu rõ rệt: viền ngoài màu xanh đậm, dải giữa màu xanh bạc hà nhạt và trung tâm màu xanh lam pha tím.
0208.jpg	Sản phẩm móc len hình tròn với họa tiết ren đối xứng, nổi bật bởi các vòng màu hồng đậm, hồng nhạt và trắng đan xen, cùng viền ngoài lượn sóng mềm mại.
0209.jpg	Miếng móc len hình vuông với họa tiết hoa nhiều lớp ở trung tâm, sử dụng các màu hồng nhạt, kem, xanh dương nhạt và viền ngoài màu hồng.
0210.jpg	Sản phẩm móc len hình bông tuyết sáu cánh màu đỏ tươi, nổi bật với các đường móc rỗng tinh xảo và đối xứng.
0211.jpg	Móc khóa len hình quả bơ cắt đôi với các mảng màu xanh lá đậm, kem nhạt và nâu đặc trưng cho vỏ, thịt và hạt bơ.
0212.jpg	Sản phẩm móc len hình tròn với họa tiết ren đối xứng phức tạp, viền sò, nổi bật với màu xanh rêu trầm.
0213.jpg	Vòng hoa móc len gồm nhiều bông hoa nhỏ năm cánh tròn, tâm vàng nổi bật, được phối màu pastel dịu mắt như hồng phấn, xanh dương nhạt, xanh lá cây nhạt và trắng.
0214.jpg	Sản phẩm móc len hình vuông nổi bật với họa tiết ngôi sao bốn cánh màu vàng và xanh ngọc ở trung tâm trên nền trắng, được viền bởi các lớp màu xanh đậm và vàng.
0215.jpg	Móc len hình bông hoa sáu cánh với các cánh màu vàng tươi, nhụy và viền ngoài màu xanh rêu.
0216.jpg	Móc len hình lục giác nổi bật với bông hoa sáu cánh màu cam pha vàng ở trung tâm, được bao quanh bởi viền ngoài màu vàng tươi.
0217.jpg	Miếng móc len hình lục giác nổi bật với viền ngoài màu nâu, bên trong là hoa văn đối xứng kết hợp sắc xanh cốm và nâu trầm.
0218.jpg	Sản phẩm móc len hình hoa tám cánh, nổi bật với tâm và viền ngoài màu hồng, các cụm len phồng màu vàng cùng vòng đan xanh dương ở giữa.
0219.jpg	Sản phẩm móc len hình bông hoa tám cánh, có tâm màu xanh lam, vòng giữa màu hồng san hô và các cánh hoa màu xanh ngọc.
0220.jpg	Móc len hình bông hoa ba tầng với nhụy vàng, vòng giữa đỏ và cánh hoa xanh dương nổi bật.
0221.jpg	Sản phẩm móc len hình bông hoa tám cánh, với tâm màu xanh lam, vòng giữa màu hồng san hô và viền ngoài màu xanh ngọc bích.
0222.jpg	Sản phẩm móc len hình vuông với bốn bông hoa nổi bật màu cam, xanh dương, tím và vàng, được bao quanh bởi viền xanh ngọc.
0223.jpg	Miếng móc len hình vuông màu be nhạt, nổi bật với họa tiết trung tâm dạng nan quạt hoặc tia sáng và các lỗ tròn nhỏ ở bốn góc.
0224.jpg	Miếng móc len hình vuông màu xanh ngọc chủ đạo, nổi bật với hoa văn trung tâm màu vàng và xanh lam, cùng lớp viền lượn sóng màu cam và vàng tươi.
0225.jpg	Miếng móc len hình vuông nổi bật với hoa văn mandala trung tâm, phối màu vàng rực rỡ, xanh lam đậm và trắng ngà.
0226.jpg	Miếng móc len hình vuông với họa tiết tròn đồng tâm, bắt đầu từ tâm màu tím mận, tiếp đến là xanh nõn chuối, hồng cam nhạt và viền ngoài màu xanh ngọc.
0227.jpg	Móc len hình ngôi sao sáu cánh màu cam san hô nổi bật giữa khung lục giác màu xám bạc.
0228.jpg	Miếng móc len hình vuông, có trung tâm là họa tiết hoa bốn cánh màu cam rực rỡ, được viền ngoài bằng len màu vàng.
0229.jpg	Móc len có hình vuông với tông màu hồng đậm và hồng nhạt, nổi bật với bông hoa trung tâm màu hồng nhạt được bao quanh bởi các cụm hoa hồng đậm và viền ngoài lượn sóng.
0230.jpg	Sản phẩm móc len hình lục giác với các vòng màu xanh lá cây chuyển sắc, từ xanh ngọc đậm ở trung tâm đến xanh lá mạ nhạt dần ra ngoài.
0231.jpg	Sản phẩm móc len hình tròn với viền lượn sóng màu xanh lam rực rỡ, bên trong là họa tiết mandala đa sắc gồm các vòng màu hồng, cam, xanh ngọc, vàng và tím nổi bật.
0232.jpg	Móc len hình vuông màu xanh dương nhạt, nổi bật với họa tiết hoa bốn cánh ở trung tâm và đường viền ren lưới bao quanh.
0233.jpg	Móc len hình lục giác với trung tâm màu đỏ cam, viền ngoài màu kem, xen kẽ các họa tiết đỏ cam và kem.
0234.jpg	Sản phẩm móc len hình ngôi sao năm cánh, với màu hồng pastel chủ đạo xen kẽ các đường viền trắng nổi bật.
0235.jpg	Sản phẩm móc len gồm nhiều bông hoa năm cánh màu đỏ, cam, vàng rực rỡ cùng những chiếc lá xanh đậm.
0236.jpg	Miếng móc len hình vuông với viền lượn sóng, nổi bật với họa tiết granny square phối màu hồng pastel và xanh bạc hà dịu mát.
0237.jpg	Sản phẩm móc len có màu be nhạt, với hình dáng hoa văn ren cách điệu gồm nhiều đường cong và lỗ hổng tinh xảo.
0238.jpg	Miếng móc len hình vuông màu xanh lá cây rực rỡ, nổi bật với họa tiết hoa văn ren đan lỗ độc đáo từ trung tâm.
0239.jpg	Sản phẩm móc len thủ công có hình dáng con cá đặc trưng với thân rỗng họa tiết và đuôi xòe, được làm từ sợi màu xanh dương nhạt, xanh dương đậm hoặc trắng kem.
0240.jpg	Miếng móc len hình vuông với họa tiết hoa hướng dương ở giữa, có nhụy màu nâu đậm, cánh hoa vàng mù tạt và xám bạc, được viền ngoài bằng màu đỏ đô.
0241.jpg	Sản phẩm móc len hình tam giác màu xanh lá cây đậm với hoa văn lưới mở, trung tâm là bông hoa sáu cánh màu kem nhụy đỏ.
0242.jpg	Sản phẩm móc len hình vuông, nổi bật với sự kết hợp màu vàng và xanh lá cây, trong đó các đường len vàng tạo họa tiết khung bao quanh các mảng xanh.
0243.jpg	Sản phẩm móc len hình bông tuyết sáu cánh với họa tiết ren rỗng, có màu tím lavender pha sợi trắng.
0244.jpg	Khăn móc len màu hồng cánh sen, hình vuông với các cạnh uốn cong tạo khung và họa tiết ren hoa tinh xảo ở trung tâm.
0245.jpg	Tấm móc len hình vuông với họa tiết hoa trung tâm, nổi bật bởi sự phối hợp màu sắc pastel hồng nhạt, kem và xanh dương.
0246.jpg	Miếng móc len hình vuông có trung tâm màu xanh dương, các lớp tiếp theo là hồng, xanh lá và viền ngoài màu be nhạt.
0247.jpg	Tấm móc len hình vuông với họa tiết hoa mặt trời nổi bật ở trung tâm, gồm các vòng màu trắng, xanh dương, hồng đậm và viền ngoài màu vàng tươi.
0248.jpg	Sản phẩm móc len hình tròn với viền lượn sóng màu xanh dương, nổi bật bởi các vòng màu rực rỡ như hồng, xanh lá, cam, tím tạo nên họa tiết đa sắc sống động.
0249.jpg	Sản phẩm móc len hình bông tuyết sáu cánh màu xanh lam nhạt, với họa tiết ren lưới tinh xảo.
0250.jpg	Sản phẩm móc len hình vuông màu xanh ô liu đặc trưng, với họa tiết lưới thưa và các lỗ hổng lớn nổi bật ở bốn góc.
0251.jpg	Miếng móc len hình vuông nổi bật với hình chữ thập màu đỏ ở trung tâm, bao quanh bởi lớp len cam, và phần thân chính màu nâu trầm được viền ngoài bằng màu cam cháy.
0252.jpg	Tấm móc len hình vuông màu vàng tươi sáng, nổi bật với họa tiết hoa văn đối xứng ở trung tâm và các ô lưới trang trí xung quanh.
0253.jpg	Miếng móc len hình bông hoa sáu cánh, có tâm màu xanh lá, vòng giữa tím đậm và các cánh hoa màu tím hồng nhạt.
0254.jpg	Sản phẩm móc len hình vuông với họa tiết quả đào ở trung tâm, nổi bật với màu vàng và cam hồng, cùng lá xanh và viền xám.
0255.jpg	Miếng móc len hình tròn với các hạt nổi xếp thành vòng đồng tâm, nổi bật với gam màu xanh lá cây, cam đất và xanh rêu nhạt.
0256.jpg	Sản phẩm móc len hình vuông với trung tâm màu trắng tạo hình kim cương, bao quanh bởi viền màu đỏ gạch nổi bật.
0257.jpg	Tấm móc len hình vuông có họa tiết tỏa ra từ trung tâm, chuyển màu dần từ trắng sang xanh dương nhạt và xanh dương đậm ở các cạnh.
0258.jpg	Sản phẩm móc len hình vuông với họa tiết trăng lưỡi liềm màu vàng nổi bật trên nền xanh đậm, viền ngoài màu xanh da trời.
0259.jpg	Miếng móc len hình vuông nổi bật với họa tiết trái tim màu đỏ đô ở trung tâm, được bao quanh bởi viền len màu kem.
0260.jpg	Sản phẩm móc len hình vuông với đường viền đỏ đậm, bên trong là họa tiết bốn cánh hoa xen kẽ màu đỏ, trắng và hồng nhạt.
0261.jpg	Sản phẩm là một tấm móc len hình vuông với viền ngoài màu đỏ rực. Phần trung tâm nổi bật với họa tiết phức tạp từ các khối màu trắng, hồng nhạt và đỏ xếp chồng tạo hình hoa hoặc ngôi sao.
0262.jpg	Miếng móc len hình vuông với ngôi sao vàng nổi bật ở trung tâm trên nền xanh đậm, được viền bởi màu xanh nhạt.
0263.jpg	Sản phẩm móc len hình vuông với họa tiết hoa mặt trời, nổi bật với tâm màu nâu, các lớp cánh hoa xanh đậm, xanh nhạt và viền trắng.
0264.jpg	Sản phẩm móc len hình vuông với họa tiết trung tâm tựa bông hoa, có nhụy vàng, cánh trắng, và hai lớp lá xanh đậm xen kẽ xanh nhạt, viền ngoài màu trắng.
0265.jpg	Miếng móc len hình vuông với họa tiết ngôi sao năm cánh màu kem nổi bật trên nền xanh rêu đậm, viền ngoài cũng màu kem.
0266.jpg	Sản phẩm móc len hình cỏ bốn lá màu xanh ô liu, với bốn cánh lá tròn và một cuống nhỏ.
0267.jpg	Sản phẩm móc len hình vuông kiểu granny square với các khối màu đỏ, xanh ngọc và kem xen kẽ, nổi bật với đường viền đỏ đậm.
0268.jpg	Sản phẩm móc len hình vuông, nổi bật với trung tâm màu xanh đậm, viền trắng và lớp ngoài cùng màu tím lavender.
0269.jpg	Miếng móc len hình vuông với họa tiết bướm màu tím lavender nổi bật ở trung tâm, được bao quanh bởi viền len màu đen.
0270.jpg	Sản phẩm móc len hình vuông họa tiết granny square, nổi bật với tâm màu vàng nhạt, các vòng màu hồng phấn, tím lavender và viền xanh dương nhạt.
0271.jpg	Sản phẩm móc len hình vuông này có màu sắc chuyển từ xanh lá cây đậm ở trung tâm, qua xanh ngọc bích, đến xanh dương rực rỡ ở viền ngoài.
0272.jpg	Móc len hình vuông với họa tiết hoa nhiều cánh màu hồng phấn, hồng đậm và kem ở trung tâm, được bao quanh bởi viền hồng đậm.
0273.jpg	Sản phẩm móc len hình cỏ bốn lá màu xanh lá cây tươi tắn, với bốn cánh lá tròn đầy và một cuống dài đặc trưng.
0274.jpg	Sản phẩm móc len hình vuông với họa tiết lá bích màu xanh đậm ở trung tâm, được viền ngoài bằng màu trắng.
0275.jpg	Sản phẩm móc len hình bông tuyết tám cánh, nổi bật với sắc xanh lam chuyển từ tông nhạt ở trung tâm sang đậm dần ra viền ngoài.
0276.jpg	Sản phẩm móc len hình hoa hướng dương với cánh hoa vàng rực, nhụy nâu và lá xanh, thường được tạo thành hình tròn hoặc gắn trong khung vuông màu be/cam.
0277.jpg	Sản phẩm móc len hình vuông nổi bật với trung tâm trắng ngà, chuyển dần ra các sắc xanh lam và có viền ngoài cùng màu cam đất. Các họa tiết dải nổi màu trắng tạo điểm nhấn đặc trưng trên nền xanh.
0278.jpg	Thảm móc len hình hoa hướng dương đặc trưng với tâm tròn màu nâu đậm và viền cánh hoa màu vàng tươi rực rỡ.
0279.jpg	Móc len hình vuông màu kem, nổi bật với hoa văn trung tâm dạng bông hoa có cánh màu tím và lá màu xanh lá.
0280.jpg	Tấm móc len hình vuông có họa tiết sao biển vàng ở giữa, được viền bởi các lớp màu xanh dương chuyển sắc từ nhạt đến đậm.
0281.jpg	Sản phẩm là chiếc lá móc len màu xanh rêu, có năm thùy hình bầu dục xòe rộng từ một cuống nhỏ, gợi nhớ hình dáng lá dẻ đặc trưng.
0282.jpg	Móc len hình vuông có hình rùa nổi màu xanh lá cây và vàng ở trung tâm, với nền cam và viền ngoài màu xanh dương.
0283.jpg	Những chiếc móc len hình ngôi sao năm cánh với các màu trắng, xanh lá và đỏ nổi bật, mỗi chiếc có một hạt ngọc trai nhỏ ở trung tâm và quai treo tiện lợi.
0284.jpg	Sản phẩm móc len hình bông hoa màu hồng phấn, với vòng tròn trung tâm và sáu cánh hoa cong mềm mại xung quanh.
0285.jpg	Sản phẩm móc len hình ngôi sao năm cánh, với phần thân màu hồng nhạt và trắng xen kẽ, viền ngoài màu vàng đồng lấp lánh.
0286.jpg	Sản phẩm móc len hình vuông với trung tâm là họa tiết hoa màu trắng, bao quanh bởi ngôi sao tám cánh màu xanh lá nhạt, trên nền xanh lá đậm và viền trắng.
0287.jpg	Miếng móc len hình vuông với họa tiết hoa nổi bật ở trung tâm, gồm các cánh hoa xanh dương nhiều sắc độ, nhụy vàng cam trên nền kem và viền xanh nhạt.
0288.jpg	Miếng móc len hình vuông với họa tiết hoa văn tròn đồng tâm, nổi bật với tông màu be, trắng kem và xanh đậm ở giữa.
0289.jpg	Sản phẩm móc len hình vuông với trung tâm màu hồng nổi bật, được bao quanh bởi các vòng trắng và các sắc thái xanh lá cây từ nhạt đến đậm dần.
0290.jpg	Sản phẩm móc len hình ngôi sao sáu cánh màu vàng óng ánh, được điểm xuyết những sợi kim tuyến bạc lấp lánh đan xen.
0291.jpg	Sản phẩm móc len hình lá ba thùy màu xanh lá cây tươi tắn, có cuống dài rõ nét.
0292.jpg	Sản phẩm là những chiếc lá phong móc len với hình dáng đặc trưng có nhiều thùy, được làm nổi bật bằng các màu sắc như đỏ tươi và xanh nõn chuối.
0293.jpg	Miếng móc len màu vàng óng, hình ngôi sao 8 cánh với họa tiết ren ở trung tâm và viền ngoài lấp lánh.
0294.jpg	Sản phẩm móc len hình vuông với họa tiết tròn ở trung tâm, gồm màu nâu ở tâm, hồng bao quanh, và viền ngoài màu trắng.
0295.jpg	Sản phẩm móc len hình bông hoa năm cánh kép màu xanh lá cây tươi, với lớp cánh ngoài nhọn và có lỗ tròn nhỏ ở mỗi đỉnh cánh.
0296.jpg	Sản phẩm móc len hình vuông với họa tiết tròn đồng tâm, chuyển màu từ kem nhạt ở tâm sang hồng, tím đậm dần và viền ngoài màu kem.
0297.jpg	Sản phẩm móc len có hình ngôi sao năm cánh với tông màu vàng rơm tự nhiên, nổi bật với họa tiết móc rỗng tinh xảo ở trung tâm.
0298.jpg	Sản phẩm móc len hình vuông với họa tiết hoa hướng dương nổi bật ở trung tâm, có nhụy vàng cam và cánh hoa vàng tươi. Viền ngoài được móc bằng sợi màu nâu vàng, tạo nên một tổng thể hài hòa và dễ nhận diện.
0299.jpg	Sản phẩm móc len hình cỏ bốn lá, nổi bật với màu xanh lá cây đặc trưng.
0300.jpg	Móc len hình bông hoa cúc trắng với nhụy tròn đồng tâm màu vàng và cam nổi bật.
0301.jpg	Bông hoa móc len có cánh màu vàng cam tươi sáng, nhụy đỏ nổi bật được viền tím đậm, kèm theo các lá xanh ở gốc.
0302.jpg	Bông hoa móc len nổi bật với các cánh lớn màu hồng đỏ tươi, viền gợn sóng, bao quanh nhụy hoa hình bông cúc nhỏ màu hồng phấn ở giữa.
0303.jpg	Móc len hình cỏ ba lá màu xanh lá đậm, với ba thùy lá tròn và viền lượn sóng rõ nét.
0304.jpg	Móc len hình ngôi sao với trung tâm là hoa màu kem, được bao quanh bởi các mảng màu xanh lá và đỏ rực rỡ, cùng viền ngoài màu kem.
0305.jpg	Sản phẩm là bông hoa móc len màu đỏ san hô với các cánh lớn xếp lớp. Trung tâm là một bông hoa nhỏ màu hồng phấn nổi bật.
0306.jpg	Móc len hình vuông với hoa văn trung tâm màu vàng chanh, hồng cánh sen và tím nhạt, được viền bởi các lớp màu kem, vàng chanh và hồng cánh sen xen kẽ.
0307.jpg	Sản phẩm là những chú bướm móc len với thân và viền cánh màu nâu, kết hợp hài hòa với phần cánh màu vàng tươi tắn.
0308.jpg	Móc len thủ công hình hoa sáu cánh màu xanh lá mạ, với các cánh hoa xếp lớp và một lỗ nhỏ ở tâm.
0309.jpg	Móc len hình bông hoa năm cánh nhọn, có phần nhụy tròn ở trung tâm, nổi bật với sự phối màu tương phản: viền cánh và nhụy màu tối, lòng cánh màu sáng.
0310.jpg	Bông tai móc len hình ngôi sao biển màu hồng cam san hô, được viền bởi đường chỉ màu kem nổi bật.
0311.jpg	Móc len hình đầu vị vịt Donald với khuôn mặt trắng, mỏ vàng, mắt xanh nhạt và mũ thủy thủ màu xanh dương.
0312.jpg	Móc len hình hoa sáu cánh có nhụy xoắn ốc, với màu xanh dương chuyển sắc từ đậm ở viền cánh sang xanh ngọc nhạt dần vào lòng cánh và trung tâm.
0313.jpg	Móc len hình vuông màu kem, nổi bật với họa tiết tám trái dâu tây đỏ có lá xanh xếp vòng tròn ở trung tâm.
0314.jpg	Bông hoa móc len có sáu cánh màu tím đặc trưng, với phần tâm được móc bằng len màu trắng xám.
0315.jpg	Móc len hình bông hoa sáu cánh, nổi bật với nhụy trắng, cánh hoa màu vàng được viền cam tươi tắn.
0316.jpg	Móc len hình đầu tuần lộc với khuôn mặt tròn màu nâu vàng, sừng nâu đậm, mũi đỏ tươi và phần cằm trắng kem.
0317.jpg	Móc len hình cỏ bốn lá màu xanh rêu, có bốn cánh tròn và cuống lá nhỏ đặc trưng.
0318.jpg	Móc len hình đầu gấu màu nâu be, nổi bật với phần mõm tròn màu trắng cùng mắt, mũi, miệng thêu chỉ đen.
0319.jpg	Sản phẩm móc len hình con bướm với cánh màu vàng có đốm đỏ, thân và râu màu xám.
0320.jpg	Móc len hình trái tim màu xanh ngọc bích, nổi bật với họa tiết đan rỗng tạo hình hai vòng cung lớn và chi tiết lưới ở trung tâm.
0321.jpg	Sản phẩm móc len hình bông hoa có các cánh màu hồng, nổi bật với những đốm trắng phồng ở giữa và một lỗ nhỏ ở tâm.
0322.jpg	LỖI - ConnectionError: ('Connection aborted.', RemoteDisconnected('Remote end closed connection without response'))
0323.jpg	Dây móc len gồm các bông hoa năm cánh màu hồng đậm, hồng nhạt có nhụy xanh, nối với nhau bằng thân và lá màu xanh lá cây.
0324.jpg	Móc len hình hoa hai lớp, lớp dưới màu xanh đậm và lớp trên màu xanh ngọc có thiết kế lỗ tròn ở trung tâm.
0325.jpg	Móc len hình bông hoa sáu cánh, nổi bật với tâm xanh lá, vòng giữa tím đậm và các cánh hoa hồng tím.
0326.jpg	Sản phẩm móc len hình bông hoa sáu cánh, nổi bật với nhụy màu đỏ tươi và các cánh hoa màu trắng tinh khôi.
0327.jpg	Sản phẩm móc len hình bông hoa 8 cánh màu cam rực rỡ, có tâm nâu và vòng cánh trắng ở giữa.
0328.jpg	Bông hoa móc len màu đỏ đô với các cánh tròn xếp lớp, điểm xuyết hạt đen nhỏ ở nhụy.
0329.jpg	Móc len hình cá ngựa với thân cong đặc trưng, vây lưng nhỏ và mắt đen, có hai phiên bản màu vàng nhạt và xanh ngọc.
0330.jpg	Sản phẩm móc len hình bướm với đa dạng màu sắc nổi bật như xanh dương, vàng viền nâu, cam viền nâu và hồng viền tím.
0331.jpg	Sản phẩm móc len hình bông hoa tròn với tâm màu vàng kem và cánh hoa màu tím magenta.
0332.jpg	Sản phẩm móc len hình bông hoa sáu cánh, nhụy vàng nổi bật, các cánh hoa mang sắc thái pastel đa dạng gồm hồng, cam, vàng nhạt, xanh ngọc và tím nhạt, kèm cuống xanh lá.
0333.jpg	Sản phẩm móc len hình bông hoa nhiều lớp cánh, với các cánh lớn màu hồng san hô và các lớp cánh nhỏ bên trong có màu xanh ngọc, vàng chanh và kem.
0334.jpg	Móc len hình chiếc lá với các sắc độ xanh lá cây đậm nhạt, có đường gân nổi bật và viền một bên màu kem.
0335.jpg	Móc len hình lá phong màu đỏ đậm với các thùy rõ nét, có cả kích thước lớn và nhỏ.
0336.jpg	Sản phẩm móc len hình hoa hướng dương đặc trưng với nhụy màu nâu sẫm, cánh hoa vàng tươi và một vòng viền vàng cam bao quanh nhụy.
0337.jpg	Móc len hình hoa hướng dương với tâm màu nâu đậm và các cánh hoa màu vàng tươi.
0338.jpg	Móc len hình lá sồi với các thùy tròn đặc trưng, có màu xanh lá cây đậm, xanh nõn chuối và màu be.
0339.jpg	Sản phẩm là một con bướm móc len với cánh màu vàng có điểm nhấn hồng, được viền và tạo thân bằng sợi len màu xanh ngọc.
0340.jpg	Sản phẩm móc len hình bông hoa có tám cánh màu vàng kem, với nhụy hoa màu xanh lá nhạt ở trung tâm.
0341.jpg	Sản phẩm móc len hình vuông, nổi bật với bông hoa màu hồng cánh sen, nhụy vàng, lá xanh và được bao quanh bởi viền màu kem.
0342.jpg	Sản phẩm móc len hình trái tim màu cam, nổi bật với họa tiết hoa rỗng tinh xảo bên trong.
0343.jpg	Sản phẩm móc len hình trái tim, nổi bật với các vòng màu đồng tâm: xanh ngọc ở trung tâm, tiếp theo là vàng chanh, xanh lá và vòng ngoài cùng màu xanh dương.
0344.jpg	Miếng móc len hình trái tim, đặc trưng bởi các vòng màu đồng tâm. Một chiếc có tông đỏ, hồng, xanh lá và cam viền ngoài, chiếc còn lại nổi bật với các vòng màu xanh dương, xanh lá và vàng nhạt cùng họa tiết hạt nổi.
0345.jpg	Móc len hình nấm với mũ màu đỏ tươi có họa tiết lưới và thân màu kem.
0346.jpg	Sản phẩm móc len hình bông tuyết với hai mảnh màu hồng pastel và xanh mint đan xen tinh tế.
0347.jpg	Móc len hình ngôi sao sáu cánh với viền ngoài màu xanh ngọc, lớp giữa màu cam đỏ và tâm màu vàng rực rỡ.
0348.jpg	Sản phẩm móc len hình vuông với viền màu be, nổi bật là họa tiết trung tâm gồm vòng tròn xanh lam nhạt bao quanh ngôi sao sáu cánh màu xanh lam đậm hơn.
0349.jpg	Sản phẩm móc len hình vuông, nổi bật với hoa văn trung tâm phức tạp kết hợp các tông màu xanh dương, xanh ngọc và trắng kem, được viền ngoài bằng màu kem.
0350.jpg	Sản phẩm móc len hình vuông với các lớp màu sắc rực rỡ từ hồng, cam, xanh nõn chuối, xanh lam đến tím đậm, được bao quanh bởi viền kem.
0351.jpg	Sản phẩm móc len hình vuông với họa tiết hoa cúc trắng nhụy vàng ở trung tâm, được bao quanh bởi viền màu xanh lá và lớp viền ngoài cùng màu be.
0352.jpg	Móc len hình vuông với họa tiết hoa cúc ở trung tâm. Hoa có nhụy màu vàng, cánh màu kem và viền ngoài màu xanh lam ngọc.
0353.jpg	Móc len hình con cá màu xanh dương chuyển sắc từ nhạt đến đậm, nổi bật với thân cá đan lưới rỗng và mắt đen nhỏ.
0354.jpg	Sản phẩm móc len hình vuông với họa tiết granny square, nổi bật với các lớp màu xanh xám ở tâm, cam, hồng nhạt, xanh bạc hà và viền ngoài màu kem.
0355.jpg	Sản phẩm móc len hình vuông, nổi bật với bông hoa đỏ san hô nhụy vàng lá xanh ở trung tâm. Các vòng màu kem, cam đào và đỏ san hô tạo thành viền bao quanh.
0356.jpg	Sản phẩm là một bông tuyết móc len màu trắng tinh khôi, với thiết kế sáu cánh và các chi tiết tinh xảo.
0357.jpg	Móc len hình bông tuyết sáu cánh màu xanh ngọc đậm.
0358.jpg	Chiếc nơ móc len màu đỏ tươi, với hình dáng nơ thắt truyền thống gồm hai cánh phồng và hai dải ruy băng.
0359.jpg	Móc len hình vuông với họa tiết trung tâm màu vàng, được bao quanh bởi các lớp màu xanh dương đậm nhạt xen kẽ màu kem nhạt.
0360.jpg	Móc len hình thỏ trắng có đôi tai dài, viền đen toàn thân, mắt chấm và miệng chữ X, mặc áo màu đỏ nổi bật.
0361.jpg	Sản phẩm móc len hình trăng khuyết phối ba màu xanh dương nhạt, hồng nhạt và vàng kem, có ngôi sao nhỏ màu vàng kem treo lơ lửng.
0362.jpg	Sản phẩm móc len với các chi tiết hình bánh quy nhỏ màu be và trắng, có chấm đỏ nổi bật ở trung tâm, được sắp xếp thành cụm.
0363.jpg	Sản phẩm móc len hình hổ con đáng yêu với tông màu vàng nâu chủ đạo, nổi bật bởi các sọc vằn đen, mõm trắng, mũi hồng và bốn chân nhỏ xinh.
0364.jpg	Sản phẩm móc len có hình ngôi sao năm cánh màu vàng tươi, dễ dàng nhận diện qua sắc màu rực rỡ và hình dáng đặc trưng.
0365.jpg	Miếng lót ly móc len hình bông hoa với viền trắng nổi bật, có các màu sắc tươi sáng như xanh ngọc, xanh lá, vàng, hồng và tím.
0366.jpg	Móc len hình vuông với họa tiết trung tâm màu nâu đỏ gạch và viền ngoài màu kem nhạt.
0367.jpg	Móc len hình cậu bé tóc vàng dựng, gương mặt màu da đào với má hồng, mặc áo khoác xanh ngọc điểm nơ đỏ nổi bật.
0368.jpg	Sản phẩm là những bông hoa cúc móc len với cánh màu trắng, nhụy hoa có ba màu đặc trưng là vàng, xanh dương và tím.
0369.jpg	Kẹp tóc móc len hình chó Corgi màu nâu be và trắng viền đen, điểm xuyết bông hoa hồng nhạt trên nền kẹp cùng tông.
0370.jpg	Sản phẩm móc len gồm nhiều bông hoa nhỏ ghép lại, mỗi bông có nhụy màu vàng và các cánh hoa xen kẽ màu đỏ tươi hoặc xanh dương.
0371.jpg	Sản phẩm móc len hình đầu mèo màu trắng, có khuôn mặt dễ thương với tai và má hồng nhạt. Điểm nhấn là chùm hoa đào nhỏ xinh xắn màu hồng và lá xanh được đính trên đầu.
0372.jpg	Sản phẩm móc len hình ngôi sao năm cánh màu kem, với họa tiết hoa văn phức tạp ở trung tâm.
0373.jpg	Móc len hình bông hoa năm cánh màu hồng, với phần giữa được tạo hình nổi bật.
0374.jpg	Sản phẩm móc len hình hoa hướng dương với nhụy tròn màu đen nổi bật giữa các cánh hoa vàng tươi rực rỡ.
0375.jpg	Miếng móc len màu trắng tinh khôi với hình dáng bông tuyết sáu cánh.
0376.jpg	Móc len hình bướm màu vàng, với cánh có họa tiết lưới đan xen các sắc độ vàng từ nhạt đến đậm.
0377.jpg	Móc len hình vuông viền lượn sóng, nổi bật với hoa văn lưới màu hồng, xanh lá và trắng đan xen tinh tế.
0378.jpg	Móc len hình bướm với cánh trên màu cam, cánh dưới màu vàng, thân và râu màu nâu, viền cánh điểm các hạt nổi màu cam.
0379.jpg	Miếng lót móc len hình bông hoa năm cánh với chất liệu dày dặn, có sẵn các màu trắng kem, xanh lá nhạt, đỏ đậm và hồng phấn.
0380.jpg	Sản phẩm móc len hình bông tuyết, có màu trắng tinh khôi ở trung tâm và viền ngoài lấp lánh ánh bạc.
0381.jpg	Bông hoa móc len tròn với tâm màu hồng nhạt, điểm xuyết sợi tím, bao quanh bởi lớp cánh đỏ và viền ngoài màu cam san hô nổi bật.
0382.jpg	Sản phẩm móc len hình bông tuyết với trung tâm màu trắng tinh khiết và viền ngoài màu vàng kim lấp lánh.
0383.jpg	Móc len hình hoa sáu cánh nổi bật với tâm và viền cánh màu tím đậm, lòng cánh là họa tiết móc rỗng màu xanh lá cây.
0384.jpg	Sản phẩm móc len hình bông hoa năm cánh với tâm đỏ, các lớp màu xanh lá nhạt, trắng và đỏ tươi xen kẽ tạo nên từng cánh hoa bầu dục.
0385.jpg	Sản phẩm móc len hình bông hoa năm cánh màu trắng, viền xanh lá nhạt, với tâm hoa tròn màu cam vàng và các chi tiết đen nổi bật.
0386.jpg	Móc len hình tròn với viền cánh hoa điệu đà, kết hợp hai màu xanh lá cây và trắng kem. Sản phẩm có hai kiểu phối màu: trung tâm hoa trắng viền xanh và trung tâm hoa xanh viền trắng.
0387.jpg	Móc len hình chiếc lá màu xanh rêu đậm, có viền dày và phần trung tâm rỗng với các đường len tỏa ra từ một vòng tròn nhỏ ở giữa.
0388.jpg	Móc len hình chùm hoa tử đinh hương màu tím nhạt với nhụy vàng và lá xanh.
0389.jpg	Sản phẩm móc len hình bông hoa tám cánh màu tím nhạt có gân tím đậm, kết hợp cành lá màu xanh rêu.
0390.jpg	Sản phẩm móc len hình hoa có năm cánh màu hồng san hô, được điểm xuyết bởi hai lớp lá màu xanh lá mạ và xanh rêu đậm.
0391.jpg	Móc len họa tiết hoa văn dạng lưới hình vuông, phối hai tông màu hồng: hồng đậm viền ngoài và hồng nhạt ở trung tâm.
0392.jpg	Sản phẩm móc len hình chuồn chuồn màu đỏ tươi với bốn cánh và thân dài, có một quai treo nhỏ ở phần đầu.
0393.jpg	Hoa len móc màu xanh lam nhạt, có nhụy đính hạt bạc lấp lánh, kèm lá xanh.
0394.jpg	Sản phẩm móc len hình cây thông Noel màu xanh lá đậm với phần thân nâu và ngôi sao vàng nổi bật trên đỉnh.
0395.jpg	Sản phẩm móc len hình ngôi sao với họa tiết xoắn ốc độc đáo từ tâm, kết hợp các màu đỏ, trắng và xanh lá cây.
0396.jpg	Móc len hình lá phong màu đỏ đô, với các thùy lá rõ nét dễ nhận biết.
0397.jpg	Móc len hình cỏ ba lá màu xanh lá cây tươi sáng, nổi bật với hàng trái tim nhỏ đa sắc màu được thêu tinh xảo trên từng cánh lá.
0398.jpg	Móc len hình ngôi sao sáu cánh, nổi bật với hoa đỏ trung tâm và viền lá xanh, trắng xen kẽ.
0399.jpg	Vòng hoa len móc hình tròn được tạo thành từ nhiều lớp lá màu xanh lá cây đậm nhạt xen kẽ, điểm xuyết những chùm quả mọng màu đỏ tươi.
0400.jpg	Bông hoa móc len có hình dáng như hoa cúc với nhụy màu cam nổi bật và nhiều cánh hoa màu kem xếp đều xung quanh.
